city_key,lat,lon,note,source
AIRDRIE,51.29,-114.01,,"Public gazetteer, approximate municipal coordinates"
ANZAC,56.45,-111.05,Approximate hamlet location,"Public gazetteer, approximate municipal coordinates"
ATHABASCA,54.72,-113.29,County anchor approximation,"Public gazetteer, approximate municipal coordinates"
BALZAC,51.21,-114.0,,"Public gazetteer, approximate municipal coordinates"
BONNYVILLE,54.27,-110.74,,"Public gazetteer, approximate municipal coordinates"
BROOKS,50.57,-111.89,,"Public gazetteer, approximate municipal coordinates"
CALGARY,51.0447,-114.0719,,"Public gazetteer, approximate municipal coordinates"
CAROLINE,52.09,-114.74,,"Public gazetteer, approximate municipal coordinates"
CARSELAND,50.83,-113.4,Approximate hamlet location,"Public gazetteer, approximate municipal coordinates"
COCHRANE,51.19,-114.47,,"Public gazetteer, approximate municipal coordinates"
COLD LAKE,54.4648,-110.1828,,"Public gazetteer, approximate municipal coordinates"
CONKLIN,55.62,-111.08,Approximate hamlet location,"Public gazetteer, approximate municipal coordinates"
CROSSFIELD,51.43,-114.03,,"Public gazetteer, approximate municipal coordinates"
DIDSBURY,51.66,-114.13,,"Public gazetteer, approximate municipal coordinates"
DRAYTON VALLEY,53.22,-114.98,,"Public gazetteer, approximate municipal coordinates"
DUFFIELD,53.52,-114.35,Approximate hamlet location,"Public gazetteer, approximate municipal coordinates"
EDMONTON,53.5461,-113.4938,,"Public gazetteer, approximate municipal coordinates"
EDSON,53.58,-116.43,,"Public gazetteer, approximate municipal coordinates"
EMPRESS,50.95,-110.01,,"Public gazetteer, approximate municipal coordinates"
EXSHAW,51.05,-115.17,,"Public gazetteer, approximate municipal coordinates"
FAIRVIEW,56.07,-118.39,,"Public gazetteer, approximate municipal coordinates"
FORESTBURG,52.58,-112.07,,"Public gazetteer, approximate municipal coordinates"
FORT MCKAY,57.18,-111.63,Approximate community location,"Public gazetteer, approximate municipal coordinates"
FORT MCMURRAY,56.7267,-111.381,,"Public gazetteer, approximate municipal coordinates"
FORT SASKATCHEWAN,53.7143,-113.2059,,"Public gazetteer, approximate municipal coordinates"
FOX CREEK,54.4,-116.81,,"Public gazetteer, approximate municipal coordinates"
GIBBONS,53.83,-113.33,,"Public gazetteer, approximate municipal coordinates"
GRANDE PRAIRIE,55.1707,-118.7944,,"Public gazetteer, approximate municipal coordinates"
HANNA,51.64,-111.94,,"Public gazetteer, approximate municipal coordinates"
HINTON,53.4,-116.57,,"Public gazetteer, approximate municipal coordinates"
JOFFRE,52.68,-113.55,Approximate hamlet location,"Public gazetteer, approximate municipal coordinates"
LAC LA BICHE,54.77,-111.97,,"Public gazetteer, approximate municipal coordinates"
LINDBERGH,53.55,-110.68,Approximate hamlet location,"Public gazetteer, approximate municipal coordinates"
MEDICINE HAT,50.0405,-110.6764,,"Public gazetteer, approximate municipal coordinates"
MILLARVILLE,50.78,-114.25,Approximate hamlet location,"Public gazetteer, approximate municipal coordinates"
OLDS,51.8,-114.11,,"Public gazetteer, approximate municipal coordinates"
PEACE RIVER,56.24,-117.29,,"Public gazetteer, approximate municipal coordinates"
PINCHER CREEK,49.48,-113.95,,"Public gazetteer, approximate municipal coordinates"
POUCE COUPE,56.02,-120.13,,"Public gazetteer, approximate municipal coordinates"
RAINBOW LAKE,58.5,-119.41,,"Public gazetteer, approximate municipal coordinates"
RED DEER,52.2681,-113.8112,,"Public gazetteer, approximate municipal coordinates"
REDCLIFF,50.08,-110.78,,"Public gazetteer, approximate municipal coordinates"
REDWATER,53.95,-113.1,,"Public gazetteer, approximate municipal coordinates"
RIMBEY,52.63,-114.24,,"Public gazetteer, approximate municipal coordinates"
ROCKY MOUNTAIN HOUSE,52.38,-114.92,,"Public gazetteer, approximate municipal coordinates"
SEXSMITH,55.35,-118.78,,"Public gazetteer, approximate municipal coordinates"
SHERWOOD PARK,53.52,-113.31,,"Public gazetteer, approximate municipal coordinates"
STETTLER,52.33,-112.72,,"Public gazetteer, approximate municipal coordinates"
STRATHMORE,51.2,-113.4,,"Public gazetteer, approximate municipal coordinates"
SUNDRE,51.8,-114.64,,"Public gazetteer, approximate municipal coordinates"
THORSBY,53.23,-114.1,,"Public gazetteer, approximate municipal coordinates"
WABAMUN,53.56,-114.48,,"Public gazetteer, approximate municipal coordinates"
WAINWRIGHT,52.83,-110.86,,"Public gazetteer, approximate municipal coordinates"
WARBURG,53.18,-114.33,,"Public gazetteer, approximate municipal coordinates"
WHITECOURT,54.14,-115.68,,"Public gazetteer, approximate municipal coordinates"
NANTICOKE,42.8,-80.07,,"Public gazetteer, approximate municipal coordinates"
ESTEVAN,49.14,-102.99,,"Public gazetteer, approximate municipal coordinates"
HAMILTON,43.26,-79.87,,"Public gazetteer, approximate municipal coordinates"
COURTRIGHT,42.82,-82.46,,"Public gazetteer, approximate municipal coordinates"
SAULT STE. MARIE,46.52,-84.35,,"Public gazetteer, approximate municipal coordinates"
SAINT JOHN,45.27,-66.06,,"Public gazetteer, approximate municipal coordinates"
SARNIA,42.97,-82.41,,"Public gazetteer, approximate municipal coordinates"
CORONACH,49.11,-111.75,,"Public gazetteer, approximate municipal coordinates"
MISSISSAUGA,43.59,-79.65,,"Public gazetteer, approximate municipal coordinates"
LLOYDMINSTER,53.28,-110.01,,"Public gazetteer, approximate municipal coordinates"
LINGAN,46.24,-59.95,,"Public gazetteer, approximate municipal coordinates"
CORUNNA,42.88,-82.45,,"Public gazetteer, approximate municipal coordinates"
BELLEDUNE,47.9,-65.83,,"Public gazetteer, approximate municipal coordinates"
REGINA,50.45,-104.62,,"Public gazetteer, approximate municipal coordinates"
MONTREAL,45.5,-73.57,,"Public gazetteer, approximate municipal coordinates"
DARTMOUTH,44.67,-63.57,,"Public gazetteer, approximate municipal coordinates"
BATH,44.18,-76.77,,"Public gazetteer, approximate municipal coordinates"
BÉCANCOUR,46.33,-72.43,,"Public gazetteer, approximate municipal coordinates"
TRENTON,44.1,-77.53,,"Public gazetteer, approximate municipal coordinates"
KITIMAT,54.05,-128.65,,"Public gazetteer, approximate municipal coordinates"
CONTRECOEUR,45.85,-73.23,,"Public gazetteer, approximate municipal coordinates"
PRINCE GEORGE,53.92,-122.75,,"Public gazetteer, approximate municipal coordinates"
ST. JOHN'S,47.56,-52.71,,"Public gazetteer, approximate municipal coordinates"
CHATHAM,42.4,-82.18,,"Public gazetteer, approximate municipal coordinates"
BOWMANVILLE,43.92,-78.69,,"Public gazetteer, approximate municipal coordinates"
KENORA,49.77,-94.49,,"Public gazetteer, approximate municipal coordinates"
LÉVIS,46.8,-71.18,,"Public gazetteer, approximate municipal coordinates"
JONQUIÈRE,48.42,-71.25,,"Public gazetteer, approximate municipal coordinates"
POINT ACONI,46.07,-60.33,,"Public gazetteer, approximate municipal coordinates"
DALHOUSIE,48.07,-66.37,,"Public gazetteer, approximate municipal coordinates"
BELLE PLAINE,50.42,-105.18,Approximate location,"Public gazetteer, approximate municipal coordinates"
NORTH YORK,43.76,-79.41,Toronto district,"Public gazetteer, approximate municipal coordinates"
FORT NELSON,58.81,-122.7,,"Public gazetteer, approximate municipal coordinates"
PORT-DANIEL-GASCONS,48.18,-64.97,,"Public gazetteer, approximate municipal coordinates"
DELTA,49.08,-123.06,,"Public gazetteer, approximate municipal coordinates"
SEPT-ÎLES,50.22,-66.38,,"Public gazetteer, approximate municipal coordinates"
SASKATOON,52.13,-106.67,,"Public gazetteer, approximate municipal coordinates"
SOREL-TRACY,46.03,-73.11,,"Public gazetteer, approximate municipal coordinates"
ELKFORD,50.02,-114.92,,"Public gazetteer, approximate municipal coordinates"
LABRADOR CITY,52.95,-60.8,,"Public gazetteer, approximate municipal coordinates"
RICHMOND,49.17,-123.13,,"Public gazetteer, approximate municipal coordinates"
COME BY CHANCE,47.83,-53.99,,"Public gazetteer, approximate municipal coordinates"
HOLYROOD,47.38,-53.13,,"Public gazetteer, approximate municipal coordinates"
BAIE-COMEAU,49.22,-68.15,,"Public gazetteer, approximate municipal coordinates"
PORT-CARTIER,50.03,-66.87,,"Public gazetteer, approximate municipal coordinates"
PORT HAWKESBURY,45.62,-61.36,,"Public gazetteer, approximate municipal coordinates"
BRANDON,49.85,-99.95,,"Public gazetteer, approximate municipal coordinates"
ALMA,48.55,-71.65,,"Public gazetteer, approximate municipal coordinates"
JOLIETTE,46.02,-73.44,,"Public gazetteer, approximate municipal coordinates"
THUNDER BAY,48.38,-89.25,,"Public gazetteer, approximate municipal coordinates"
SPARWOOD,49.73,-114.88,,"Public gazetteer, approximate municipal coordinates"
CHETWYND,55.7,-121.63,,"Public gazetteer, approximate municipal coordinates"
VARENNES,45.68,-73.43,,"Public gazetteer, approximate municipal coordinates"
SWIFT CURRENT,50.29,-107.8,,"Public gazetteer, approximate municipal coordinates"
WINDSOR,42.31,-83.04,,"Public gazetteer, approximate municipal coordinates"
CAMPBELL RIVER,50.02,-125.24,,"Public gazetteer, approximate municipal coordinates"
BRAMPTON,43.73,-79.76,,"Public gazetteer, approximate municipal coordinates"
TAYLOR,56.15,-120.68,,"Public gazetteer, approximate municipal coordinates"
BURSTALL,50.65,-109.92,Approximate location,"Public gazetteer, approximate municipal coordinates"
PICTON,44.01,-77.14,,"Public gazetteer, approximate municipal coordinates"
SAINT-BASILE,45.53,-73.29,,"Public gazetteer, approximate municipal coordinates"
ST-CONSTANT,45.37,-73.57,,"Public gazetteer, approximate municipal coordinates"
COPPER CLIFF,46.47,-81.06,Sudbury area,"Public gazetteer, approximate municipal coordinates"
MAITLAND,44.63,-75.61,Approximate location,"Public gazetteer, approximate municipal coordinates"
RM OF NORTH BATTLEFORD,52.77,-105.99,Municipal anchor approximation,"Public gazetteer, approximate municipal coordinates"
GRANDE CACHE,53.89,-119.11,,"Public gazetteer, approximate municipal coordinates"
