facility_id,facility_name,sector,naics_code,avg_annual_emissions,avg_co2,avg_ch4_co2e,avg_n2o_co2e,years_reported,co2_share,ch4_share,n2o_share,emission_band,priority,log_emissions,naics_sector_encoded
G10003,"Acme Compressor Station # 363, Alberta",Pipeline Transportation of Natural Gas,486210,288607.89029999997,267942.22854,18222.2146908,2443.447075,20,0.928395368059693,0.06313831084749107,0.008466321112912416,Above Threshold,CCS Candidate,12.57282772976775,22
G10006,Agrium Redwater Fertilizer Operation,Chemical Fertilizer (except Potash) Manufacturing,325313,1156675.710675,1085052.846795,61057.336227499996,10397.589212,20,0.9380786998300472,0.05278690964459592,0.00898919992530343,Above Threshold,CCS Candidate,13.961061546797922,5
G10007,Alberta Envirofuels Inc.,Other Basic Organic Chemical Manufacturing,325190,298728.81090000004,296631.519495,856.5558134,1201.93559,20,0.9929792797732453,0.0028673357980417012,0.004023500734257433,Above Threshold,CCS Candidate,12.607294801366917,18
G10008,Alberta Pipeline System,Pipeline Transportation of Natural Gas,486210,561143.01038,524796.613855,32116.5253075,3482.2862155000003,20,0.9352279261210318,0.0572341180651097,0.006205701846204649,Above Threshold,CCS Candidate,13.23773285455691,22
G10009,Alberta-Pacific Forest Industries Inc. Pulp Mill,Chemical Pulp Mills,322112,124230.0480835,106562.85548950001,3292.7343134000002,14331.6579355,20,0.857786478661546,0.026505135948968007,0.11536386048781948,Above Threshold,CCS Candidate,11.729898401809823,6
G10015,ATCO Pipelines,Pipeline Transportation of Natural Gas,486210,213999.07146,79927.48874249999,129179.23827799999,2789.4969275,20,0.37349455863148345,0.6036439195585283,0.013035088930380726,Above Threshold,Potential CU Candidate,12.273731627929166,22
G10017,Balzac Gas Processing Plant,Conventional Oil and Gas Extraction,211113,207852.204375,190415.05375,15988.17502375,1233.078125,8,0.9161079350713044,0.0769208826619162,0.005932475571802556,Above Threshold,CCS Candidate,12.244587361328845,7
G10018,Battle River Generating Station,Fossil-Fuel Electric Power Generation,221112,3489591.3004600005,3475388.19189,1075.2081899999998,13127.9002975,20,0.9959298647471615,0.00030811865843953273,0.0037620165707570024,Above Threshold,CCS Candidate,15.065295468002262,8
G10023,Bonnie Glen Gas Plant,Conventional Oil and Gas Extraction,211113,283887.82566,247918.72456200002,32823.392116,3145.709,5,0.8732981908809342,0.1156209923398094,0.011080816842661925,Above Threshold,CCS Candidate,12.556337981559627,7
G10029,Brazeau Gas Plant,Conventional Oil and Gas Extraction,211113,145094.080895,102309.724973,40837.3851641,1946.97075425,20,0.7051268000866163,0.28145452186745457,0.013418678020773027,Above Threshold,Potential CU Candidate,11.885144536815874,7
G10040,Calpine Calgary Energy Centre,Fossil-Fuel Electric Power Generation,221112,471488.535295,467054.72275,1495.1260674,2926.298275,20,0.9905961392205945,0.003171076188447578,0.006206509927476985,Above Threshold,CCS Candidate,13.063652186313059,8
G10044,Canadian Fertilizers Limited,Chemical Fertilizer (except Potash) Manufacturing,325313,1621385.0155,1615862.4466499998,1333.4699042,4189.0988265,20,0.9965939189043899,0.0008224264387868336,0.0025836545832441733,Above Threshold,CCS Candidate,14.298791906544805,5
G10045,Cancarb Ltd.,All Other Basic Inorganic Chemical Manufacturing,325189,141364.830467,139908.5438185,870.5604642000001,582.389175,20,0.9896983808229449,0.0061582535155603815,0.004119760007323407,Above Threshold,CCS Candidate,11.859106351665076,0
G10046,"Cardinal Lake Compressor Station, Alberta",Pipeline Transportation of Natural Gas,486210,2988178.09895,2503646.1371,460986.269705,22127.492064500002,20,0.8378503737711426,0.1542700115053328,0.007405011124429051,Above Threshold,Potential CU Candidate,14.91017476284618,22
G10053,Carseland Nitrogen Operations,Chemical Fertilizer (except Potash) Manufacturing,325313,549362.06398,535640.96431,11854.4469499,1866.6527125,20,0.9750235763085026,0.02157856853823742,0.003397855139425785,Above Threshold,CCS Candidate,13.216514820641754,5
G10054,"Carseland Power Plant, Alberta",Fossil-Fuel Electric Power Generation,221112,339315.35124499997,336100.30938,765.8581882000001,2449.183689,20,0.9905249147932639,0.0022570690815783877,0.007218016161112576,Above Threshold,CCS Candidate,12.734688140725225,8
G10055,Carseland Works,Chemical Fertilizer (except Potash) Manufacturing,325313,268246.098032,531.01936945,8.78458,267706.2940825,20,0.0019795977400821423,3.2748211677442764e-05,0.9979876540480539,Above Threshold,Potential CU Candidate,12.499663842287177,5
G10058,Cavalier Power Plant,Fossil-Fuel Electric Power Generation,221112,218192.72714,216255.25980000003,561.328964,1376.138375,20,0.991120385333665,0.0025726291217755943,0.006306985539976417,Above Threshold,CCS Candidate,12.29313860375522,8
G10065,Christina Lake SAGD Bitumen Battery,Non-Conventional Oil Extraction,211114,1763264.11376,1749304.832225,9781.6604702,3937.4991609999997,20,0.992083272479678,0.005547473230962264,0.002233073950903272,Above Threshold,CCS Candidate,14.382677826569207,15
G10068,"CITY OF MEDICINE HAT, ELECTRIC UTILITY - GENERATION",Fossil-Fuel Electric Power Generation,221112,382194.773095,374283.42325,5346.361248300001,2543.4329,20,0.9793002144405739,0.013988577617127919,0.006654808173862161,Above Threshold,CCS Candidate,12.853688251321083,8
G10069,Clover Bar Thermal Generating Station,Fossil-Fuel Electric Power Generation,221112,245272.05439333332,242373.77802,1378.0556458666665,1520.22073,15,0.988183421953626,0.005618478017298831,0.006198100039403921,Above Threshold,CCS Candidate,12.410127376652085,8
G10071,Cochrane Extraction Plant,Conventional Oil and Gas Extraction,211113,460570.274225,447488.419185,8094.3151615,2783.340739,20,0.9715963973966562,0.017574549671318402,0.006043248760861777,Above Threshold,CCS Candidate,13.04022289843387,7
G10073,Cold Lake,Non-Conventional Oil Extraction,211114,4972843.34665,4932558.883950001,17987.7873177,22296.6754725,20,0.9918991088413961,0.003617203692896868,0.004483687483845707,Above Threshold,CCS Candidate,15.419502537518714,15
G10086,distribution system and Carbon Plant,Natural Gas Distribution,221210,208313.79041,37122.918555,170512.1857815,678.6860675,20,0.1782067259298352,0.8185352752974278,0.00325799874393443,Above Threshold,Potential CU Candidate,12.246805630057157,13
G10096,East Crossfield Gas Plant 9-14-28-1W5,Conventional Oil and Gas Extraction,211113,126221.436721,117031.24772649999,3895.1053273999996,681.6631172499999,20,0.9271899509842055,0.030859301150324762,0.00540053365702649,Above Threshold,CCS Candidate,11.74580100029969,7
G10097,Edmonton Facility,Other Basic Organic Chemical Manufacturing,325190,194517.55919636364,192540.87099090908,287.07778909090905,695.5922845454545,11,0.9898379960471377,0.0014758451127854567,0.0035759871109798404,Above Threshold,CCS Candidate,12.178282857521154,18
G10098,Edmonton Refinery,Petroleum Refineries,324110,1381261.37655,1362469.97015,9830.7614384,8934.71174975,20,0.986395473934893,0.007117234728559819,0.006468516315186038,Above Threshold,CCS Candidate,14.138508404606245,21
G10100,Edson Gas Plant,Conventional Oil and Gas Extraction,211113,217932.319125,201463.550425,14368.9652252,2034.6184575,20,0.9244317283176618,0.06593315430630715,0.009336010673722049,Above Threshold,CCS Candidate,12.291944419408358,7
G10106,Elmworth Sweet GP,Conventional Oil and Gas Extraction,211113,215479.78479,197013.795475,15996.1208595,1449.9884425,20,0.9143029155472918,0.07423490270834143,0.0067291158839476025,Above Threshold,CCS Candidate,12.280627018842784,7
G10108,Empress Straddle Gas Plant,Conventional Oil and Gas Extraction,211113,306298.90937999997,299751.331985,4922.7228764,1474.23052325,20,0.9786235693484728,0.016071630442186072,0.004813045290412846,Above Threshold,CCS Candidate,12.632319996967084,7
G10111,Exshaw,Lime Manufacturing,327410,159937.916965,159613.831265,81.42652,222.4339775,20,0.997973678123675,0.0005091132956159417,0.0013907519975308689,Above Threshold,CCS Candidate,11.98254725235489,11
G10112,Exshaw Cement Plant,Cement Manufacturing,327310,1028436.65118,1026908.9812200001,730.9767009999999,787.1758219999999,20,0.9985145706755519,0.0007107649267082199,0.0007654101213689885,Above Threshold,CCS Candidate,13.843551365119481,4
G10119,Fort Saskatchewan,Non-Ferrous Metal (except Aluminum) Smelting and Refining,331410,308341.91501500004,296363.612095,9871.949355699999,2106.35356,20,0.9611525312106292,0.03201624195406503,0.006831226821360084,Above Threshold,CCS Candidate,12.638967803067937,16
G10120,Fort Saskatchewan Generating Plant,Fossil-Fuel Electric Power Generation,221112,374067.86832,370896.4138,754.7505308,2415.29399175,20,0.9915217136017495,0.00201768340646233,0.0064568336291418995,Above Threshold,CCS Candidate,12.832195199338049,8
G10121,Fort Saskatchewan Nitrogen Operation,Chemical Fertilizer (except Potash) Manufacturing,325313,592185.963615,584596.58335,5933.131592,1611.14117,20,0.9871841267248709,0.010019034486702775,0.0027206676094867002,Above Threshold,CCS Candidate,13.291577680923707,5
G10123,Foster Creek Cogeneration Facility,Fossil-Fuel Electric Power Generation,221112,488123.65672,482307.68278000003,1057.7840112,4744.559947,5,0.9880850398051161,0.0021670410696910175,0.009719995910219935,Above Threshold,CCS Candidate,13.098326096313356,8
G10124,Foster Creek SAGD Bitumen Battery,Non-Conventional Oil Extraction,211114,463622.96466000006,460771.15067999996,1578.8080000000002,672.57,5,0.9938488509038989,0.0034053705712309267,0.0014506831008537988,Above Threshold,CCS Candidate,13.04682908164839,15
G10127,Genesee Thermal Generating Station,Fossil-Fuel Electric Power Generation,221112,8907892.2851,8859629.095900001,3005.9983198,45251.9588205,20,0.9945819743149872,0.0003374533754553875,0.005079984958528492,Above Threshold,CCS Candidate,16.002448327617678,8
G10130,Grande Prairie Operations,Chemical Pulp Mills,322112,137653.75754,95563.285849,34444.4504035,7608.02146175,20,0.6942294025009149,0.2502252827605595,0.0552692610627736,Above Threshold,Potential CU Candidate,11.83250407255975,6
G10132,H.R. Milner Generating Station,Fossil-Fuel Electric Power Generation,221112,639656.6311676111,636183.9695213333,656.5776684444444,2816.083994722222,18,0.9945710534729565,0.0010264533133127161,0.004402493240133885,Above Threshold,CCS Candidate,13.36868836089775,8
G10134,Hangingstone SAGD Demonstration Facility,Non-Conventional Oil Extraction,211114,200297.66990470586,197915.9766694118,930.6732152941177,1352.3729723529414,17,0.9881092314432455,0.004646450534032159,0.006751815799935915,Above Threshold,CCS Candidate,12.207564881116165,15
G10135,Hanlan Robb Gas Plant,Conventional Oil and Gas Extraction,211113,295884.444715,263549.45245,17087.791246,556.4195327499999,20,0.890717498528368,0.05775157008493366,0.0018805298578164558,Above Threshold,CCS Candidate,12.597727647300102,7
G10137,Harmattan Gas Processing Plant,Conventional Oil and Gas Extraction,211113,351845.60059000005,326223.86396,22222.9330745,3194.02857,20,0.9271790336811496,0.06316103721983446,0.009077926694675229,Above Threshold,CCS Candidate,12.77095056581612,7
G10143,Highvale Coal Mine,Subbituminous Coal Mining,212115,182378.26170526314,77819.63877894737,100856.29371231579,764.4888484210526,19,0.42669360948680224,0.5530061136085784,0.0041917761539833264,Above Threshold,Potential CU Candidate,12.113843653367077,23
G10144,Hinton Pulp,Chemical Pulp Mills,322112,183012.901665,147147.7361,28064.032044,7801.13353375,20,0.8040293048265517,0.15334455543123635,0.04262613981187926,Above Threshold,Potential CU Candidate,12.117317394320848,6
G10152,Joffre LAO Plant,Petrochemical Manufacturing,325110,138750.48384,136924.615415,112.2520476,747.442782,20,0.9868406338164162,0.000809020945321123,0.0053869562203610975,Above Threshold,CCS Candidate,11.84043972589384,20
G10159,Kaybob Amalgamated Facility,Conventional Oil and Gas Extraction,211113,222101.07574,201918.26706,13979.9249269,2846.18374,20,0.9091278211383957,0.0629439766571209,0.012814812942787595,Above Threshold,CCS Candidate,12.310892355809129,7
G10160,Kaybob South #3 Gas Plant,Conventional Oil and Gas Extraction,211113,400002.19093499996,382275.123225,6730.337046999999,1668.3806532499998,20,0.9556825734665023,0.016825750457186053,0.004170928787540342,Above Threshold,CCS Candidate,12.8992278033958,7
G10162,Keephills Generating Plant,Fossil-Fuel Electric Power Generation,221112,6832410.33725,6793209.19005,2336.4864978,36859.51802725,20,0.9942624717683778,0.00034197104425382337,0.005394804499122884,Above Threshold,CCS Candidate,15.737188220081062,8
G10176,Lehigh Inland Cement,Cement Manufacturing,327310,695071.847825,694367.330525,135.2802178,470.537074,20,0.9989864108261549,0.0001946276751436779,0.0006769617780843692,Above Threshold,CCS Candidate,13.451771936068399,4
G10179,"Mackay River Power Plant, Alberta",Fossil-Fuel Electric Power Generation,221112,784145.415105,776824.92404,1539.0923856,5780.256955999999,20,0.9906643705057947,0.0019627639924336094,0.007371409491983067,Above Threshold,CCS Candidate,13.572351035856654,8
G10180,"MacKay River, In-Situ Oil Sands Plant",Non-Conventional Oil Extraction,211114,246664.0492695,243647.9102945,1296.6398032000002,1150.0124572500001,20,0.9877722798116209,0.005256703630058868,0.0046622621361150215,Above Threshold,CCS Candidate,12.415786619475204,15
G10187,Mildred Lake and Aurora North Plant Sites,Non-Conventional Oil Extraction,211114,12069043.4386,11188443.05935,737623.0795750001,110705.3347445,20,0.9270364396540652,0.061116946287216596,0.00917266851409574,Above Threshold,CCS Candidate,16.306154421638166,15
G10196,Muskeg River Cogeneration Power Plant,Fossil-Fuel Electric Power Generation,221112,1273247.68925,1264975.7872,2009.117439,6262.784551250001,20,0.9935033048794515,0.0015779470530069921,0.004918748020614168,Above Threshold,CCS Candidate,14.057082215294132,8
G10197,Muskeg River Mine,Non-Conventional Oil Extraction,211114,534668.5692363636,479646.11400000006,49490.356559090906,5435.291389999999,11,0.897090537199617,0.09256268164364914,0.010165720789914607,Above Threshold,CCS Candidate,13.189404207472068,15
G10202,Nevis Gas Plant,Conventional Oil and Gas Extraction,211113,109984.035816875,95062.84978375,12445.31841725,2322.36387125,16,0.8643331650607096,0.11315568050231976,0.021115463294298177,Above Threshold,CCS Candidate,11.608099597492131,7
G10211,NOVA Chemicals Corporation (Joffre),Petrochemical Manufacturing,325110,3029887.26285,3011551.7029,6285.330370199999,11971.866643,20,0.9939484349220462,0.002074443642595413,0.003951258117682871,Above Threshold,CCS Candidate,14.924036299858386,20
G10219,Peace River Complex,Non-Conventional Oil Extraction,211114,297366.26203,284917.35190500005,11040.830082800001,1408.0800175,20,0.9581361044793171,0.0371287247162092,0.004735170721411378,Above Threshold,CCS Candidate,12.602723226350358,15
G10220,Peace River Pulp Division,Chemical Pulp Mills,322112,132883.1442595,113816.33737200001,10895.747744299999,8168.0437625,20,0.8565144812477834,0.08199495733651747,0.061467869442862436,Above Threshold,CCS Candidate,11.797232931786242,6
G10232,Prentiss Chemical Manufacturing Facility,Other Basic Organic Chemical Manufacturing,325190,191283.69290000002,190080.81116666665,949.3261922666667,253.55553333333333,15,0.9937115301618408,0.004962922755589828,0.0013255470421406387,Above Threshold,CCS Candidate,12.161518136021963,18
G10237,Quirk Creek Gas Plant,Conventional Oil and Gas Extraction,211113,108553.649825,101476.8785815,6089.8783808,986.8928732500001,20,0.9348085370237803,0.05610017157983661,0.009091291493570009,Above Threshold,CCS Candidate,11.59500901017897,7
G10241,Rainbow Lake Cogeneration Power Plant (Units 4-5),Fossil-Fuel Electric Power Generation,221112,239161.95027,237012.318445,584.2316704,1565.4001560000002,20,0.9910118151212047,0.0024428286763025484,0.006545356208346495,Above Threshold,CCS Candidate,12.384900398886307,8
G10243,Ram River,Conventional Oil and Gas Extraction,211113,472233.91279,465217.74922,5663.0439166,1353.11964025,20,0.985142609668696,0.011992031413293112,0.0028653588901645134,Above Threshold,CCS Candidate,13.065231837346806,7
G10246,"Redwater Cogeneration Facility, Alberta",Fossil-Fuel Electric Power Generation,221112,189170.75887,185835.94576,2033.8294607,1300.98364625,20,0.9823714133731858,0.010751288797745256,0.006877297812946073,Above Threshold,CCS Candidate,12.150410658443835,8
G10249,Rimbey Gas Plant,Conventional Oil and Gas Extraction,211113,329464.389775,317838.54863,8256.589834,2244.4263112500003,20,0.9647129052310035,0.025060644155317197,0.006812348711746295,Above Threshold,CCS Candidate,12.705226588788637,7
G10260,Scotford Chemical Plant,Petrochemical Manufacturing,325110,309883.02527,304470.41242,486.7142,1209.609725,20,0.9825333677271157,0.001570638467776438,0.003903439770365193,Above Threshold,CCS Candidate,12.643953394431707,20
G10261,Scotford Complex,Fossil-Fuel Electric Power Generation,221112,427566.134065,423642.54721999995,1126.4626604,2792.659186,20,0.9908234386860875,0.0026345928048378863,0.0065315256834056245,Above Threshold,CCS Candidate,12.965866593778197,8
G10262,Scotford Upgrader and Upgrader Cogeneration,Non-Conventional Oil Extraction,211114,2559069.52095,2535093.7423,12532.621739799999,11428.3061025,20,0.9906310561500106,0.004897335393665871,0.004465805250283895,Above Threshold,CCS Candidate,14.755154672773152,15
G10265,Sheerness Generating Station,Fossil-Fuel Electric Power Generation,221112,4650514.8017,4630846.0492,1753.9838693999998,17884.615384,20,0.9957706289865351,0.00037715907683141434,0.0038457280852997747,Above Threshold,CCS Candidate,15.35248869650858,8
G10266,Shell Burnt Timber Gas Plant,Conventional Oil and Gas Extraction,211113,192414.10556363637,169834.4342818182,22111.32713490909,468.3441363636364,11,0.8826506444749681,0.11491531283602437,0.0024340426342014864,Above Threshold,CCS Candidate,12.167410325377407,7
G10267,Shell Caroline Complex,Conventional Oil and Gas Extraction,211113,484831.78854,464016.159385,18425.580887,2390.04825,20,0.9570662863966012,0.03800406929274572,0.004929644273526867,Above Threshold,CCS Candidate,13.091559344577288,7
G10268,Shell Jumping Pound Gas Plant,Conventional Oil and Gas Extraction,211113,246147.01516,225761.890615,19118.1211074,1267.003425,20,0.9171831332923159,0.0776695223989325,0.0051473442575626,Above Threshold,CCS Candidate,12.413688321615343,7
G10269,Shell Scotford Refinery,Petroleum Refineries,324110,994799.22355,985689.57643,6696.0141372,2408.7400515,20,0.9908427279552032,0.006731020670990149,0.002421332862428529,Above Threshold,CCS Candidate,13.810297215629898,21
G10277,Strachan GP,Conventional Oil and Gas Extraction,211113,234316.982685,221395.853045,10606.5158529,2296.8887985,20,0.9448561965422272,0.04526567272829169,0.009802485386165044,Above Threshold,CCS Candidate,12.364434372233589,7
G10278,Strathcona Refinery,Petroleum Refineries,324110,1510047.9144,1498800.3548,3667.3369656000004,6074.4254265,20,0.9925515213836981,0.0024286229136359387,0.004022670650761173,Above Threshold,CCS Candidate,14.227652601908828,21
G10280,Suncor Energy Inc.  Oil Sands,Non-Conventional Oil Extraction,211114,8853266.7204,8232947.2794,504003.36909999995,77633.471706,5,0.9299332708941618,0.05692851972240463,0.008768906908352178,Above Threshold,CCS Candidate,15.996297182777537,15
G10281,Sundance Generating Plant,Fossil-Fuel Electric Power Generation,221112,10427166.78334,10361813.526899999,3523.9654548,61802.742124000004,20,0.993732405187532,0.000337960016179123,0.005927088672135302,Above Threshold,CCS Candidate,16.159925244880398,8
G10311,Wabamun Generating Plant,Fossil-Fuel Electric Power Generation,221112,2122991.816142857,2108749.549285714,717.136804,13525.130347142856,7,0.9932914169763409,0.0003377953690386452,0.006370787793104118,Above Threshold,CCS Candidate,14.568337356856237,8
G10312,Wapiti Gas Plant,Conventional Oil and Gas Extraction,211113,121112.74236,109561.5442095,9771.4002454,1451.9578960000001,20,0.9046244191534794,0.08068019974607732,0.011988481704791613,Above Threshold,CCS Candidate,11.70448540254136,7
G10313,Waterton Complex,Conventional Oil and Gas Extraction,211113,355768.540125,329912.833675,22506.890848400002,3348.81561325,20,0.9273243597061294,0.06326273492448815,0.009412905402128548,Above Threshold,CCS Candidate,12.782038441007288,7
G10314,West Whitecourt,Conventional Oil and Gas Extraction,211113,108744.54926018183,94003.10142381817,10431.858130909091,2025.3805454545457,11,0.8644396621563687,0.09592994041429943,0.018625122447366325,Above Threshold,CCS Candidate,11.59676602177027,7
G10316,Western Canada Operations,Other Basic Organic Chemical Manufacturing,325190,1273767.08495,1265820.58195,2433.2759108,3417.71807775,20,0.9937614159653749,0.001910298938911202,0.0026831577908799217,Above Threshold,CCS Candidate,14.057490061612587,18
G10321,Wildcat Hills Gas Plant,Conventional Oil and Gas Extraction,211113,134489.02750999999,124996.051198,3706.2853043999994,1295.72673525,20,0.9294144921131642,0.027558272767824254,0.00963444200050934,Above Threshold,CCS Candidate,11.809245330368098,7
G10324,Wolf Lake/Primrose Thermal Operation,Non-Conventional Oil Extraction,211114,3045500.34705,2966478.2135,65390.9806185,12992.16800025,20,0.9740528239878402,0.02147134236311628,0.004266020856912646,Above Threshold,CCS Candidate,14.929176091566902,15
G10327,Alcan Inc - Strathcona works,Other Petroleum and Coal Products Manufacturing,324190,101505.388221875,101494.258774375,1.28919525,7.1317959375,16,0.9998903560914849,1.270075680299867e-05,7.026026955249905e-05,Above Threshold,CCS Candidate,11.52787701363001,19
G10356,Balzac Power Station,Fossil-Fuel Electric Power Generation,221112,190647.57795555555,188658.8537888889,790.1818275555556,1198.542338611111,18,0.989568584148862,0.004144725236109559,0.006286690612405889,Above Threshold,CCS Candidate,12.15818710633083,8
G10359,Coal Valley Mine,Bituminous Coal Mining,212114,145682.4015988889,102217.49589611111,39629.569407222225,3835.3362847222224,18,0.7016461478823584,0.272027156144332,0.026326695898947032,Above Threshold,Potential CU Candidate,11.889191063929058,3
G10361,Edmonton Hydrogen Facility,Industrial Gas Manufacturing,325120,1036794.064511111,1035320.81425,962.7487037777778,510.5015944444445,18,0.9985790328942463,0.0009285823836498828,0.0004923847578980556,Above Threshold,CCS Candidate,13.851644844259317,10
G10371,Olds Gas Plant,Conventional Oil and Gas Extraction,211113,110085.45628555556,105994.37186055555,2768.6843737777776,1322.4000555555556,18,0.9628371942758001,0.02515031928101351,0.012012486482549732,Above Threshold,CCS Candidate,11.609021302297164,7
G10380,Bear Creek Power Plant,Fossil-Fuel Electric Power Generation,221112,170175.84036,167636.61443272728,1319.9004432727272,1219.3254922727274,11,0.9850788107060257,0.007756097695657222,0.00716509164692999,Above Threshold,CCS Candidate,12.044593412772146,8
G10390,Long Lake Project,Non-Conventional Oil Extraction,211114,2278203.4106882354,2256649.1265,11723.787680941177,9828.156043235294,17,0.990538911456671,0.005146067127254222,0.004313994087238352,Above Threshold,CCS Candidate,14.638898151486911,15
G10394,Tucker Thermal,Non-Conventional Oil Extraction,211114,597718.0762117647,595293.5895941176,1574.7902124705884,849.6963897058823,17,0.9959437622616115,0.0026346705497871845,0.0014215671627184395,Above Threshold,CCS Candidate,13.3008761503341,15
G10406,Great Divide,Non-Conventional Oil Extraction,211114,211484.0900875,206667.19669375,4316.313350750001,500.58003125,16,0.9772233769842591,0.020409636247171868,0.0023669867130094216,Above Threshold,CCS Candidate,12.261909778943318,15
G10408,Horizon Oil Sands Processing Plant and Mine,Non-Conventional Oil Extraction,211114,4108413.8773875,3690128.39288125,402480.913641,14620.388471875,16,0.8981880849910298,0.0979650360583763,0.003558645479304038,Above Threshold,CCS Candidate,15.228547837479258,15
G10409,Jackfish SAGD Plant,Non-Conventional Oil Extraction,211114,626295.2207090909,617580.6278181818,7755.427773636364,959.165090909091,11,0.9860854871588474,0.012383022442444436,0.0015314903566134913,Above Threshold,CCS Candidate,13.347578734181216,15
G10412,Orion Complex,Non-Conventional Oil Extraction,211114,293459.18683125003,291140.40575,1794.956576,523.82450625,16,0.9920984546223001,0.006116545865821427,0.001784999515285983,Above Threshold,CCS Candidate,12.589497259411054,15
G10414,Surmont Central Processing Facility,Non-Conventional Oil Extraction,211114,1710457.10689375,1704884.82733125,3172.3648547499997,2399.914696875,16,0.9967422278290162,0.0018546883414756455,0.001403083823150251,Above Threshold,CCS Candidate,14.35227179136865,15
G10421,Baymag Inc.,All Other Non-Metallic Mineral Product Manufacturing,327990,145725.969106,145527.36194666667,19.820313333333335,178.78684333333334,15,0.9986371189668406,0.00013601085280082222,0.001226870162059345,Above Threshold,CCS Candidate,11.889490075301442,1
G10455,Resthaven Sweet Gas Plant 08-11,Conventional Oil and Gas Extraction,211113,147613.15402866667,104701.01728666667,35345.01610733334,7567.120633333334,15,0.7092932738659157,0.23944353970289997,0.051263186422151705,Above Threshold,Potential CU Candidate,11.902357081054086,7
G10465,Foster Creek SAGD Bitumen Battery (with Cogen),Non-Conventional Oil Extraction,211114,2869713.4482,2856107.647666667,6455.925082266666,7149.875412333333,15,0.9952588295734311,0.002249675864437295,0.002491494548634472,Above Threshold,CCS Candidate,14.869723087385111,15
G10496,MEG Christina Lake Regional Project,Non-Conventional Oil Extraction,211114,735661.17292,726400.37758,7209.731744933333,2051.0634476666664,15,0.9874116024048926,0.009800342889262908,0.002788054505480488,Above Threshold,CCS Candidate,13.508526288151563,15
G10557,Firebag,Non-Conventional Oil Extraction,211114,4323331.296,4294480.5002666665,8992.721094533334,19380.263216333333,15,0.9933267210495696,0.0020800444099330325,0.004482715269649632,Above Threshold,CCS Candidate,15.27953702768617,15
G10558,Suncor Energy Inc. Oil Sands,Non-Conventional Oil Extraction,211114,8330097.9224,7964847.2518,306717.18825333327,57163.999864000005,15,0.9561528959200077,0.03682035806908791,0.006862344284127021,Above Threshold,CCS Candidate,15.935385889510687,15
G10566,Heating Plant,Universities,611310,210359.06551333333,209514.60332666666,390.1880210666667,454.2741653333333,15,0.9959856154304263,0.0018548666781462533,0.0021595178901597646,Above Threshold,CCS Candidate,12.256575939137598,24
G10604,Algar,Non-Conventional Oil Extraction,211114,260283.95569285713,256846.60895,2624.057692,813.2890507142857,14,0.9867938585238296,0.010081519181675826,0.0031246222939457368,Above Threshold,CCS Candidate,12.46953229328035,15
G10619,MEG Christina Lake Cogeneration Facility Phase 2,Non-Conventional Oil Extraction,211114,1035658.4957499999,1030066.5765785715,1032.453788,4531.768956071429,14,0.9946006147833714,0.0009969056327320724,0.0043757367652255165,Above Threshold,CCS Candidate,13.850548975721082,15
G10639,Leismer SAGD Bitumen Battery,Non-Conventional Oil Extraction,211114,420841.9403885714,418914.38526714285,1323.035716,604.5193817857144,14,0.9954197646754294,0.0031437829480075487,0.0014364523203831588,Above Threshold,CCS Candidate,12.950014979849083,15
G10654,Shell Albiansands Muskeg River Mine Expansion,Non-Conventional Oil Extraction,211114,844913.6635399999,803755.75532,37049.100552,3888.67943,5,0.9512874391833629,0.043849569667003055,0.004602457739536724,Above Threshold,CCS Candidate,13.646990911345997,15
G10661,Glacier Sour Gas Plant 05-02,Conventional Oil and Gas Extraction,211113,157832.09091769232,122619.44678538461,33183.32223384616,2029.3218923076925,13,0.7768980697932292,0.21024445688393553,0.012857473283845433,Above Threshold,Potential CU Candidate,11.969293367042628,7
G10668,Northern Prairie Thermal Electric Power Plant,Fossil-Fuel Electric Power Generation,221112,206041.78035076923,204110.44987153847,804.6247935384616,1126.7056980769232,13,0.9906265104293759,0.003905153567245701,0.005468336063485761,Above Threshold,CCS Candidate,12.235839097816632,8
G10671,Jackfish 2 SAGD Plant,Non-Conventional Oil Extraction,211114,574790.6968125,562936.478525,10985.786787000001,868.4315,8,0.9793764611131712,0.019112673270325436,0.0015108656156334543,Above Threshold,CCS Candidate,13.261762987732116,15
G10686,Methanex Medicine Hat Methanol Plant,Other Basic Organic Chemical Manufacturing,325190,373765.31784615386,367737.5262769231,2382.9689132307694,3644.8226384615386,13,0.9838727905414919,0.006375575259263694,0.009751634152320655,Above Threshold,CCS Candidate,12.831386062523013,18
G10723,McKay Thermal Project,Conventional Oil and Gas Extraction,211113,107338.998225,105023.8932325,1850.0299929999999,465.07500000000005,4,0.9784318371627881,0.01723539462444056,0.004332768217429487,Above Threshold,CCS Candidate,11.58375662919458,7
G10735,MacKay River Commercial Project,Non-Conventional Oil Extraction,211114,304651.4519659166,301796.33590508334,2425.9623733333333,429.0714375,12,0.9906282538868297,0.007963075040931503,0.0014084010915792486,Above Threshold,CCS Candidate,12.626926904112713,15
G10744,Kirby South 13-21-73-7W4,Non-Conventional Oil Extraction,211114,581467.1393363636,579048.8172545454,1431.1972487272726,987.1248313636365,11,0.9958409995712254,0.0024613553404939058,0.0016976450853099893,Above Threshold,CCS Candidate,13.273311458960634,15
G10748,Wainwright B Battery,Conventional Oil and Gas Extraction,211113,104565.52,2643.537041,101911.171,10.812,1,0.025281154256202237,0.9746154468509314,0.00010339928496506304,Above Threshold,Potential CU Candidate,11.557578702895714,7
G10750,Kearl Oil Sands Processing Plant and Mine,Non-Conventional Oil Extraction,211114,2500841.6901636366,2454816.4237454548,22456.42306181818,23375.725622727274,11,0.9815960895888735,0.0089795460265015,0.009347143289664904,Above Threshold,CCS Candidate,14.73213830910651,15
G10774,Birchcliff Pouce Coupe 03-22-078-12 W6M Gas Plant,Conventional Oil and Gas Extraction,211113,163510.45723,128283.710758,32697.343995000003,2529.402475,10,0.7845596723979023,0.19997096545945486,0.015469362130411309,Above Threshold,Potential CU Candidate,12.004638341665544,7
G10778,Jackfish 3 SAGD Plant,Non-Conventional Oil Extraction,211114,592997.65486,589678.9024199999,2434.1665543999998,884.5859,5,0.9944034307508626,0.0041048502206550526,0.0014917190527656313,Above Threshold,CCS Candidate,13.29294740961304,15
G10779,Shepard Energy Centre,Fossil-Fuel Electric Power Generation,221112,1868465.9807,1853900.5502,3843.4510800000003,10721.9794735,10,0.992204604927009,0.002057008861654572,0.005738386239969502,Above Threshold,CCS Candidate,14.44062885619681,8
G10787,Para 08-13-063-05W6 Musreau Gas Plant,Conventional Oil and Gas Extraction,211113,204373.49177000002,177874.781606,24595.662742,1903.0474150000002,10,0.87034174572003,0.12034663854390532,0.009311615701813578,Above Threshold,CCS Candidate,12.22770933387827,7
G10788,Redwater Fractionation and Storage Facility,Conventional Oil and Gas Extraction,211113,106051.792034,101704.416448,4054.9105632,292.46502399999997,10,0.95900705209577,0.03823519136668623,0.002757756548859035,Above Threshold,CCS Candidate,11.571692287171018,7
G10789,Saturn Deepcut Gas Plant 12-36,Conventional Oil and Gas Extraction,211113,116204.127544,109535.32763799999,5970.547369,698.252528,10,0.9426113336337824,0.051379821828956014,0.006008844459811557,Above Threshold,CCS Candidate,11.663112249311068,7
G10802,Gordondale Sour Gas Plant 16-31,Conventional Oil and Gas Extraction,211113,111577.80412,82267.7160609091,23665.319199999998,5644.768854545455,11,0.7373125570066927,0.2120970150528178,0.05059042789975149,Above Threshold,Potential CU Candidate,11.622486383650742,7
G10804,AOC Hangingstone SAGD,Non-Conventional Oil Extraction,211114,273811.20715555554,270381.6027666667,3004.053814222222,425.0805522222222,9,0.9874745653236155,0.01097125952377684,0.0015524585594508871,Above Threshold,CCS Candidate,12.520197775048468,15
G10807,Fort Saskatchewan Plant,Conventional Oil and Gas Extraction,211113,109543.90941888888,108284.78003666666,734.264776,524.8645944444445,9,0.9885057107336986,0.006702926524123022,0.004791362634661832,Above Threshold,CCS Candidate,11.604089875837035,7
G10809,Lakeside Packers,Animal (except Poultry) Slaughtering,311611,219340.5076,57129.50167545455,153056.48453636363,9112.883479545453,11,0.2604603331165745,0.6978030926028714,0.04154674200063469,Above Threshold,Potential CU Candidate,12.298385189637893,2
G10813,Shell Canada Energy Muskeg River Mine and Jackpine Mine,Non-Conventional Oil Extraction,211114,1593462.238111111,1482132.5688888887,102849.80046,6384.7459944444445,9,0.9301334750460152,0.06454486212482705,0.00400683859443881,Above Threshold,CCS Candidate,14.281420342671382,15
G10815,Sunrise Thermal,Non-Conventional Oil Extraction,211114,1307426.0373555555,1299441.3888222224,6000.299243555555,1984.3491500000002,9,0.9938928487691104,0.0045893986138534956,0.0015177525101256301,Above Threshold,CCS Candidate,14.083571670194413,15
G10817,LINDBERGH SAGD CPF,Non-Conventional Oil Extraction,211114,407811.5439222222,404201.74199999997,2452.7972031111112,1157.0047222222222,9,0.9911483576764303,0.006014535977870475,0.0028371063533279626,Above Threshold,CCS Candidate,12.918562896635246,15
G10828,ALBERTA NEWSPRINT,Newsprint Mills,322122,153935.73363777777,147851.30088111112,5138.279701333334,946.1530555555556,9,0.9604742017146989,0.03337938229095064,0.00614641599579422,Above Threshold,CCS Candidate,11.944296976451982,14
G10833,Karr 07-11-064-04W6,Conventional Oil and Gas Extraction,211113,126528.41836125,104491.353395,17579.904415,4457.16054375,8,0.8258330796222221,0.1389403633008973,0.035226557017605374,Above Threshold,Potential CU Candidate,11.748230116328122,7
G10897,Scotford Hydrogen Facility,Industrial Gas Manufacturing,325120,898997.0491375,898090.394375,496.960695,409.693975,8,0.9989914819371545,0.0005527945786660649,0.0004557233812870258,Above Threshold,CCS Candidate,13.709036143415252,10
G11397,Fort Hills Oil Sands,Mined oil sands extraction,211142,1920392.7027999999,1891530.9577142857,12922.571716857143,14543.156693571427,7,0.984970915040641,0.006729129775392075,0.007573011849278013,Above Threshold,CCS Candidate,14.468040776525028,12
G11409,Hangingstone Expansion Project,In-situ oil sands extraction,211141,472000.1197714285,470005.1625428572,638.64744,1356.309787857143,7,0.9957733967746927,0.001353066266824831,0.002873536956969315,Above Threshold,CCS Candidate,13.064736636961973,9
G11457,PARA KARR 06-18 COMPRESSOR,Oil and gas extraction (except oil sands),211110,124972.15501285714,104920.58847714285,14889.239315714285,5162.327237857143,7,0.8395517262733336,0.11914045424104658,0.04130781962850878,Above Threshold,Potential CU Candidate,11.735854233323087,17
G11517,Redwater Fractionation Site Facility II (RFS II),Oil and gas extraction (except oil sands),211110,225578.74657142858,223399.36337142857,902.18026,1277.2029342857143,7,0.9903387032992936,0.00399940275275148,0.005661893922623128,Above Threshold,CCS Candidate,12.326429018740082,17
G11521,Sturgeon Refinery,Petroleum Refineries,324110,645795.7412714286,623909.1230285715,20176.597560285714,1710.0207714285716,7,0.9661090700292212,0.03124300188254953,0.0026479282258224865,Above Threshold,CCS Candidate,13.378240091259869,21
G11902,Electric Utility - Generation - Remote Site,Fossil-Fuel Electric Power Generation,221112,180994.07616666667,178238.70603333332,1461.6011013333334,1219.0441666666666,6,0.9847764623478832,0.008075408501145817,0.006735271078950238,Above Threshold,CCS Candidate,12.106225106378862,8
G11982,BlackGold SAGD,In-situ oil sands extraction,211141,192445.24118333333,187117.4960833333,1569.3472666666667,3758.397833333333,6,0.9723155269143572,0.008154773051372181,0.019529700034270465,Above Threshold,CCS Candidate,12.167572127127716,9
G12048,Vista Mine,Subbituminous Coal Mining,212115,177538.97322166665,79175.22516666667,96261.84446333333,2101.9035916666667,6,0.44595968834297744,0.5422012007647775,0.011839110892245224,Above Threshold,Potential CU Candidate,12.086951063792439,23
G12148,Jackfish District,In-situ oil sands extraction,211141,2554940.1514,2538467.4616,12959.5367616,3513.152912,5,0.9935526122633545,0.00507234455355,0.0013750431336228912,Above Threshold,CCS Candidate,14.753539748634529,9
G12149,Kirby North 01-06-075-8 W4M,In-situ oil sands extraction,211141,650996.4473400001,647929.32968,2177.5894392,889.5282559999999,5,0.9952885800336815,0.0033450097125686715,0.0013664103078206513,Above Threshold,CCS Candidate,13.386261000046305,9
G12152,Wapiti Sour Gas Processing Plant,Oil and gas extraction (except oil sands),211110,116365.74767999999,109604.31442,6059.929512,701.5037599999999,5,0.9418949871864907,0.05207657435987525,0.006028438556757272,Above Threshold,CCS Candidate,11.664502100614978,17
G12162,Pipestone 12-35-070-09W6 Gas Plant,Oil and gas extraction (except oil sands),211110,118518.78684,115082.15014,2702.0196,734.6171,5,0.9710034434908665,0.02279823876064238,0.006198317748491055,Above Threshold,CCS Candidate,11.682835203170866,17
G12207,Pipestone Liquids Hub 04-07-073-08W6,Oil and gas extraction (except oil sands),211110,120372.91193999999,116921.39523999998,2803.917648,647.59905,5,0.9713264666911072,0.023293593241290166,0.005379940050987522,Above Threshold,CCS Candidate,11.698358110139534,17
G12308,Milner M2 Power Plant,Fossil-Fuel Electric Power Generation,221112,515368.063925,514483.959625,445.459469,438.6448275,4,0.9982845186539757,0.0008643521013068175,0.0008511292379262264,Above Threshold,CCS Candidate,13.152638551970519,8
G12700,Heartland Petrochemical Complex - PDH/PP/Rail,Petrochemical Manufacturing,325110,105026.52501000001,83740.49899,20312.27027,973.75575,2,0.7973271417104081,0.19340133616784888,0.00927152212174291,Above Threshold,Potential CU Candidate,11.561977737738582,20
G12702,Heartland Petrochemical Complex Cogeneration Power Plant,Fossil-Fuel Electric Power Generation,221112,427525.62355,423912.0291,1542.8182000000002,2070.77625,2,0.9915476541031758,0.003608715162354624,0.004843630734469459,Above Threshold,CCS Candidate,12.965771842729742,8
G12785,ABBT0122253,Oil and gas extraction (except oil sands),211110,118470.1202,49296.63435,68944.078,229.40785,1,0.41611027545830076,0.581953305049487,0.0019364194922121805,Above Threshold,Potential CU Candidate,11.68242449846247,17
